train_loss,epoch,created_at,val_loss
2.316559076309204,0,2020-01-16 12:45:01.794428,
1.7489250898361206,0,2020-01-16 12:45:01.881670,
1.798034429550171,0,2020-01-16 12:45:01.973425,
1.385197401046753,0,2020-01-16 12:45:02.035307,
1.1081409454345703,0,2020-01-16 12:45:02.120073,
1.237676739692688,0,2020-01-16 12:45:02.168949,
0.9445714354515076,0,2020-01-16 12:45:02.217821,
0.9526854157447815,0,2020-01-16 12:45:02.269633,
1.0768550634384155,0,2020-01-16 12:45:02.319548,
1.2537285089492798,0,2020-01-16 12:45:02.366417,
1.2217764854431152,0,2020-01-16 12:45:02.437185,
1.1097134351730347,0,2020-01-16 12:45:02.481114,
0.7277692556381226,0,2020-01-16 12:45:02.541905,
0.9371179938316345,0,2020-01-16 12:45:02.598754,
1.0970412492752075,0,2020-01-16 12:45:02.644676,
0.9201774597167969,0,2020-01-16 12:45:02.688603,
1.112579345703125,0,2020-01-16 12:45:02.755432,
1.0632926225662231,0,2020-01-16 12:45:02.816283,
0.87303227186203,0,2020-01-16 12:45:02.865133,
0.9477134346961975,0,2020-01-16 12:45:02.924971,
1.031307578086853,0,2020-01-16 12:45:02.979825,
1.0168768167495728,0,2020-01-16 12:45:03.052626,
0.8863607048988342,0,2020-01-16 12:45:03.113655,
1.1281065940856934,0,2020-01-16 12:45:03.157539,
1.0501593351364136,0,2020-01-16 12:45:03.233334,
1.2488584518432617,0,2020-01-16 12:45:03.317183,
1.4231055974960327,0,2020-01-16 12:45:03.408937,
1.043514609336853,0,2020-01-16 12:45:03.471771,
1.0380034446716309,0,2020-01-16 12:45:03.562522,
0.7292826771736145,0,2020-01-16 12:45:03.652475,
0.33169689774513245,0,2020-01-16 12:45:03.767198,
1.08902907371521,0,2020-01-16 12:45:03.863315,
1.383538007736206,0,2020-01-16 12:45:03.951702,
0.870233416557312,0,2020-01-16 12:45:04.044510,
0.9181597828865051,0,2020-01-16 12:45:04.137217,
0.9474357962608337,0,2020-01-16 12:45:04.223983,
0.706534743309021,0,2020-01-16 12:45:04.313746,
1.4153001308441162,0,2020-01-16 12:45:04.405543,
1.2614470720291138,0,2020-01-16 12:45:04.495588,
0.9900946021080017,0,2020-01-16 12:45:04.583516,
0.5872675180435181,0,2020-01-16 12:45:04.700208,
1.4112486839294434,0,2020-01-16 12:45:04.797172,
1.512923240661621,0,2020-01-16 12:45:04.888514,
0.6354777812957764,0,2020-01-16 12:45:04.977325,
1.1073880195617676,0,2020-01-16 12:45:05.074018,
1.1165452003479004,0,2020-01-16 12:45:05.159826,
1.2159250974655151,0,2020-01-16 12:45:05.248551,
1.1103999614715576,0,2020-01-16 12:45:05.338309,
0.8228234648704529,0,2020-01-16 12:45:05.423124,
1.0338613986968994,0,2020-01-16 12:45:05.513842,
0.8412951827049255,0,2020-01-16 12:45:05.634563,
1.0815691947937012,0,2020-01-16 12:45:05.729972,
0.8393092155456543,0,2020-01-16 12:45:05.824769,
1.3354194164276123,0,2020-01-16 12:45:05.909543,
0.9260086417198181,0,2020-01-16 12:45:05.957385,
0.9073761105537415,0,2020-01-16 12:45:06.002289,
1.2964075803756714,0,2020-01-16 12:45:06.048173,
0.588728666305542,0,2020-01-16 12:45:06.092050,
1.2640626430511475,0,2020-01-16 12:45:06.135931,
1.164827585220337,0,2020-01-16 12:45:06.179768,
1.0932708978652954,0,2020-01-16 12:45:06.235669,
1.1202384233474731,0,2020-01-16 12:45:06.279546,
0.8042696118354797,0,2020-01-16 12:45:06.323429,
1.486509919166565,0,2020-01-16 12:45:06.367317,
0.9387930035591125,0,2020-01-16 12:45:06.412195,
0.8333872556686401,0,2020-01-16 12:45:06.456088,
1.046529769897461,0,2020-01-16 12:45:06.500953,
0.7464784979820251,0,2020-01-16 12:45:06.544839,
0.8154615163803101,0,2020-01-16 12:45:06.589715,
0.8957839012145996,0,2020-01-16 12:45:06.634601,
0.8303117156028748,0,2020-01-16 12:45:06.689461,
0.8361682891845703,0,2020-01-16 12:45:06.732343,
0.9645622372627258,0,2020-01-16 12:45:06.777221,
1.1961034536361694,0,2020-01-16 12:45:06.822092,
1.0871950387954712,0,2020-01-16 12:45:06.866979,
0.9207314252853394,0,2020-01-16 12:45:06.910861,
0.8260643482208252,0,2020-01-16 12:45:06.955740,
1.2578051090240479,0,2020-01-16 12:45:06.999625,
1.0575913190841675,0,2020-01-16 12:45:07.045454,
1.4470185041427612,0,2020-01-16 12:45:07.090378,
1.2220975160598755,0,2020-01-16 12:45:07.145233,
0.9328432679176331,0,2020-01-16 12:45:07.190111,
1.2372405529022217,0,2020-01-16 12:45:07.234990,
1.0776643753051758,0,2020-01-16 12:45:07.279873,
0.871303141117096,0,2020-01-16 12:45:07.324758,
0.932375967502594,0,2020-01-16 12:45:07.368633,
0.5929182171821594,0,2020-01-16 12:45:07.415513,
0.8402023911476135,0,2020-01-16 12:45:07.460401,
0.9482443332672119,0,2020-01-16 12:45:07.505277,
1.4506198167800903,0,2020-01-16 12:45:07.550105,
0.970553457736969,0,2020-01-16 12:45:07.605001,
1.273094654083252,0,2020-01-16 12:45:07.649881,
0.849014937877655,0,2020-01-16 12:45:07.695713,
0.8283728957176208,0,2020-01-16 12:45:07.740591,
1.343551754951477,0,2020-01-16 12:45:07.785479,
1.1286413669586182,0,2020-01-16 12:45:07.829399,
1.1625274419784546,0,2020-01-16 12:45:07.874275,
0.6541228890419006,0,2020-01-16 12:45:07.919158,
0.9144009351730347,0,2020-01-16 12:45:07.964059,
1.2267520427703857,0,2020-01-16 12:45:08.008920,
1.2087652683258057,0,2020-01-16 12:45:08.064772,
1.603995442390442,0,2020-01-16 12:45:08.109648,
1.0902742147445679,0,2020-01-16 12:45:08.153560,
0.6113460659980774,0,2020-01-16 12:45:08.197373,
0.9382147789001465,0,2020-01-16 12:45:08.243293,
0.7667259573936462,0,2020-01-16 12:45:08.296172,
0.8018569946289062,0,2020-01-16 12:45:08.341037,
0.8334066271781921,0,2020-01-16 12:45:08.384923,
1.3226299285888672,0,2020-01-16 12:45:08.429799,
0.9884007573127747,0,2020-01-16 12:45:08.480658,
0.6993900537490845,0,2020-01-16 12:45:08.537532,
0.9820003509521484,0,2020-01-16 12:45:08.582412,
1.0410995483398438,0,2020-01-16 12:45:08.627293,
0.9282532334327698,0,2020-01-16 12:45:08.672171,
0.9650495052337646,0,2020-01-16 12:45:08.718058,
0.9469338059425354,0,2020-01-16 12:45:08.762932,
1.0345470905303955,0,2020-01-16 12:45:08.806833,
1.621102213859558,0,2020-01-16 12:45:08.851689,
1.1614106893539429,0,2020-01-16 12:45:08.897590,
1.01190984249115,0,2020-01-16 12:45:08.942467,
1.1798720359802246,0,2020-01-16 12:45:08.998299,
0.9218466877937317,0,2020-01-16 12:45:09.043195,
0.8277065753936768,0,2020-01-16 12:45:09.089082,
1.0968588590621948,0,2020-01-16 12:45:09.134935,
0.8781564831733704,0,2020-01-16 12:45:09.180809,
0.8389843106269836,0,2020-01-16 12:45:09.225699,
0.9098128080368042,0,2020-01-16 12:45:09.270592,
1.1049847602844238,0,2020-01-16 12:45:09.316405,
1.2962126731872559,0,2020-01-16 12:45:09.362283,
1.5566173791885376,0,2020-01-16 12:45:09.408159,
1.2467581033706665,0,2020-01-16 12:45:09.466049,
1.0291392803192139,0,2020-01-16 12:45:09.510883,
1.0081292390823364,0,2020-01-16 12:45:09.556806,
0.6519981622695923,0,2020-01-16 12:45:09.602693,
1.168168306350708,0,2020-01-16 12:45:09.648517,
1.4121853113174438,0,2020-01-16 12:45:09.695394,
1.046120047569275,0,2020-01-16 12:45:09.741269,
0.7780828475952148,0,2020-01-16 12:45:09.787146,
0.818899393081665,0,2020-01-16 12:45:09.833072,
0.8208542466163635,0,2020-01-16 12:45:09.879942,
0.8812292814254761,0,2020-01-16 12:45:09.938741,
0.8950061798095703,0,2020-01-16 12:45:09.983667,
0.8832299709320068,0,2020-01-16 12:45:10.029540,
0.8492664694786072,0,2020-01-16 12:45:10.075418,
0.8211939334869385,0,2020-01-16 12:45:10.124292,
1.3445994853973389,0,2020-01-16 12:45:10.171162,
1.370895266532898,0,2020-01-16 12:45:10.217991,
1.1635090112686157,0,2020-01-16 12:45:10.263943,
1.1209580898284912,0,2020-01-16 12:45:10.308794,
0.8558111786842346,0,2020-01-16 12:45:10.353705,
1.171897530555725,0,2020-01-16 12:45:10.410530,
1.860526442527771,0,2020-01-16 12:45:10.454404,
1.8629226684570312,0,2020-01-16 12:45:10.498285,
1.3361150026321411,0,2020-01-16 12:45:10.543170,
1.0360289812088013,0,2020-01-16 12:45:10.589048,
1.1805042028427124,0,2020-01-16 12:45:10.633927,
1.1074752807617188,0,2020-01-16 12:45:10.678804,
0.6302716135978699,0,2020-01-16 12:45:10.723684,
1.0625941753387451,0,2020-01-16 12:45:10.769581,
0.7263002395629883,0,2020-01-16 12:45:10.814444,
1.1677476167678833,0,2020-01-16 12:45:10.870294,
0.6823467016220093,0,2020-01-16 12:45:10.915176,
0.876163125038147,0,2020-01-16 12:45:10.960087,
0.9246310591697693,0,2020-01-16 12:45:11.005930,
0.5348496437072754,0,2020-01-16 12:45:11.050815,
1.4951938390731812,0,2020-01-16 12:45:11.095692,
0.9186273813247681,0,2020-01-16 12:45:11.140584,
1.2640206813812256,0,2020-01-16 12:45:11.186454,
0.8982309699058533,0,2020-01-16 12:45:11.231325,
1.1143625974655151,0,2020-01-16 12:45:11.276223,
1.1095525026321411,0,2020-01-16 12:45:11.333058,
1.0124971866607666,0,2020-01-16 12:45:11.377944,
1.0413264036178589,0,2020-01-16 12:45:11.422817,
0.40100687742233276,0,2020-01-16 12:45:11.468697,
0.8841202259063721,0,2020-01-16 12:45:11.513574,
0.7284384965896606,0,2020-01-16 12:45:11.558455,
0.8468121290206909,0,2020-01-16 12:45:11.604330,
1.4778380393981934,0,2020-01-16 12:45:11.649206,
0.7422542572021484,0,2020-01-16 12:45:11.695089,
1.0985357761383057,0,2020-01-16 12:45:11.739040,
0.8600786328315735,0,2020-01-16 12:45:11.795916,
0.7226496338844299,0,2020-01-16 12:45:11.840796,
0.6303799748420715,0,2020-01-16 12:45:11.885689,
0.5707393288612366,0,2020-01-16 12:45:11.930554,
0.7233957648277283,0,2020-01-16 12:45:11.976433,
0.8044935464859009,0,2020-01-16 12:45:12.022320,
0.6746333837509155,0,2020-01-16 12:45:12.068186,
0.8039186596870422,0,2020-01-16 12:45:12.114068,
,0,2020-01-16 12:45:16.276930,0.9770563244819641
0.8314654231071472,1,2020-01-16 12:45:16.294886,
0.9144765138626099,1,2020-01-16 12:45:16.338767,
1.3294870853424072,1,2020-01-16 12:45:16.391823,
1.0057469606399536,1,2020-01-16 12:45:16.436697,
0.9690166711807251,1,2020-01-16 12:45:16.482538,
1.3076093196868896,1,2020-01-16 12:45:16.527414,
0.8083032965660095,1,2020-01-16 12:45:16.573336,
0.8940144181251526,1,2020-01-16 12:45:16.618218,
0.8258301615715027,1,2020-01-16 12:45:16.663094,
0.9914588928222656,1,2020-01-16 12:45:16.707974,
1.4143402576446533,1,2020-01-16 12:45:16.764822,
0.8104094862937927,1,2020-01-16 12:45:16.809723,
0.7341532111167908,1,2020-01-16 12:45:16.854581,
0.7677541375160217,1,2020-01-16 12:45:16.898466,
1.0113986730575562,1,2020-01-16 12:45:16.943343,
0.9645360708236694,1,2020-01-16 12:45:16.989221,
1.1588414907455444,1,2020-01-16 12:45:17.034129,
1.1114434003829956,1,2020-01-16 12:45:17.079983,
1.0077550411224365,1,2020-01-16 12:45:17.124859,
1.0700911283493042,1,2020-01-16 12:45:17.170742,
0.8418196439743042,1,2020-01-16 12:45:17.227582,
0.888699471950531,1,2020-01-16 12:45:17.272465,
0.9329912662506104,1,2020-01-16 12:45:17.317354,
0.9548644423484802,1,2020-01-16 12:45:17.364221,
1.0550676584243774,1,2020-01-16 12:45:17.409104,
1.0844930410385132,1,2020-01-16 12:45:17.454975,
1.09506094455719,1,2020-01-16 12:45:17.499859,
1.036608338356018,1,2020-01-16 12:45:17.544755,
0.8481169939041138,1,2020-01-16 12:45:17.590629,
0.8617590665817261,1,2020-01-16 12:45:17.635496,
0.3005138337612152,1,2020-01-16 12:45:17.691352,
0.8845467567443848,1,2020-01-16 12:45:17.736226,
1.444615364074707,1,2020-01-16 12:45:17.782104,
0.7762617468833923,1,2020-01-16 12:45:17.826988,
0.8406943678855896,1,2020-01-16 12:45:17.871867,
0.8654714822769165,1,2020-01-16 12:45:17.916745,
0.6842737197875977,1,2020-01-16 12:45:17.961575,
1.2870875597000122,1,2020-01-16 12:45:18.007501,
1.3676934242248535,1,2020-01-16 12:45:18.053384,
0.8707592487335205,1,2020-01-16 12:45:18.098259,
0.6720408797264099,1,2020-01-16 12:45:18.155101,
1.499254822731018,1,2020-01-16 12:45:18.199993,
1.6062452793121338,1,2020-01-16 12:45:18.245861,
0.8058393597602844,1,2020-01-16 12:45:18.290740,
0.9980630874633789,1,2020-01-16 12:45:18.335619,
1.1329845190048218,1,2020-01-16 12:45:18.381456,
1.303733229637146,1,2020-01-16 12:45:18.427378,
0.8890342712402344,1,2020-01-16 12:45:18.472276,
0.6994248032569885,1,2020-01-16 12:45:18.517150,
1.0814898014068604,1,2020-01-16 12:45:18.562969,
0.7904566526412964,1,2020-01-16 12:45:18.619860,
0.7551969289779663,1,2020-01-16 12:45:18.664744,
0.7067057490348816,1,2020-01-16 12:45:18.709577,
1.2198082208633423,1,2020-01-16 12:45:18.754502,
1.148755669593811,1,2020-01-16 12:45:18.799381,
0.8769088387489319,1,2020-01-16 12:45:18.845259,
1.1302505731582642,1,2020-01-16 12:45:18.891143,
0.5126702189445496,1,2020-01-16 12:45:18.936050,
1.2349497079849243,1,2020-01-16 12:45:18.980898,
1.1328773498535156,1,2020-01-16 12:45:19.026771,
1.1465067863464355,1,2020-01-16 12:45:19.085571,
1.2080200910568237,1,2020-01-16 12:45:19.130500,
0.9534532427787781,1,2020-01-16 12:45:19.175382,
1.6830050945281982,1,2020-01-16 12:45:19.220255,
0.9082863926887512,1,2020-01-16 12:45:19.266136,
0.8164790868759155,1,2020-01-16 12:45:19.312322,
0.9795562028884888,1,2020-01-16 12:45:19.357206,
0.6390655040740967,1,2020-01-16 12:45:19.402082,
0.8361274600028992,1,2020-01-16 12:45:19.447970,
0.7596030831336975,1,2020-01-16 12:45:19.493795,
0.831730306148529,1,2020-01-16 12:45:19.550693,
0.9700531363487244,1,2020-01-16 12:45:19.596564,
0.8792431950569153,1,2020-01-16 12:45:19.647428,
1.3361732959747314,1,2020-01-16 12:45:19.693337,
0.9295493960380554,1,2020-01-16 12:45:19.738601,
0.90959233045578,1,2020-01-16 12:45:19.783504,
0.8163239359855652,1,2020-01-16 12:45:19.829359,
1.1891156435012817,1,2020-01-16 12:45:19.874238,
1.1630710363388062,1,2020-01-16 12:45:19.920117,
1.3721153736114502,1,2020-01-16 12:45:19.965047,
1.2782663106918335,1,2020-01-16 12:45:20.022840,
0.8883563280105591,1,2020-01-16 12:45:20.069715,
1.2364078760147095,1,2020-01-16 12:45:20.115036,
1.0241678953170776,1,2020-01-16 12:45:20.159918,
0.8371545076370239,1,2020-01-16 12:45:20.205749,
1.387956142425537,1,2020-01-16 12:45:20.251667,
0.5934046506881714,1,2020-01-16 12:45:20.297692,
0.7909572124481201,1,2020-01-16 12:45:20.343601,
0.8744286894798279,1,2020-01-16 12:45:20.389480,
1.465708613395691,1,2020-01-16 12:45:20.434357,
1.0822352170944214,1,2020-01-16 12:45:20.493205,
1.2180943489074707,1,2020-01-16 12:45:20.539165,
1.0536895990371704,1,2020-01-16 12:45:20.584048,
0.9176931381225586,1,2020-01-16 12:45:20.628925,
1.1509565114974976,1,2020-01-16 12:45:20.674805,
0.8581467866897583,1,2020-01-16 12:45:20.720677,
1.1677725315093994,1,2020-01-16 12:45:20.766562,
0.6765775084495544,1,2020-01-16 12:45:20.811434,
0.8318882584571838,1,2020-01-16 12:45:20.857315,
1.0723254680633545,1,2020-01-16 12:45:20.903145,
1.2707500457763672,1,2020-01-16 12:45:20.961076,
1.7216986417770386,1,2020-01-16 12:45:21.006870,
1.1454719305038452,1,2020-01-16 12:45:21.051797,
0.6115901470184326,1,2020-01-16 12:45:21.098670,
0.974758505821228,1,2020-01-16 12:45:21.144546,
0.8606937527656555,1,2020-01-16 12:45:21.189382,
0.8118304014205933,1,2020-01-16 12:45:21.235260,
0.9345849752426147,1,2020-01-16 12:45:21.281137,
1.2340898513793945,1,2020-01-16 12:45:21.327011,
0.7943902611732483,1,2020-01-16 12:45:21.371947,
0.7193727493286133,1,2020-01-16 12:45:21.429785,
0.9009371995925903,1,2020-01-16 12:45:21.475616,
1.038774847984314,1,2020-01-16 12:45:21.520537,
0.9590008854866028,1,2020-01-16 12:45:21.567416,
0.9477033615112305,1,2020-01-16 12:45:21.613292,
1.0431500673294067,1,2020-01-16 12:45:21.658178,
1.2887153625488281,1,2020-01-16 12:45:21.704053,
1.5828508138656616,1,2020-01-16 12:45:21.749932,
1.103649377822876,1,2020-01-16 12:45:21.795808,
1.1188217401504517,1,2020-01-16 12:45:21.841691,
1.0605769157409668,1,2020-01-16 12:45:21.899481,
0.9437643885612488,1,2020-01-16 12:45:21.945412,
0.845669686794281,1,2020-01-16 12:45:21.992278,
1.3490877151489258,1,2020-01-16 12:45:22.038158,
0.9132884740829468,1,2020-01-16 12:45:22.084987,
0.9070534706115723,1,2020-01-16 12:45:22.130105,
0.8600242733955383,1,2020-01-16 12:45:22.176985,
1.00775146484375,1,2020-01-16 12:45:22.222863,
0.9487466216087341,1,2020-01-16 12:45:22.268987,
1.3312811851501465,1,2020-01-16 12:45:22.313911,
0.9550501108169556,1,2020-01-16 12:45:22.372753,
1.114660382270813,1,2020-01-16 12:45:22.417635,
1.0449293851852417,1,2020-01-16 12:45:22.463518,
0.6558279991149902,1,2020-01-16 12:45:22.508388,
0.8534486889839172,1,2020-01-16 12:45:22.554267,
1.3879897594451904,1,2020-01-16 12:45:22.601146,
0.9636713266372681,1,2020-01-16 12:45:22.647023,
0.7332034111022949,1,2020-01-16 12:45:22.691929,
0.8686720728874207,1,2020-01-16 12:45:22.737780,
0.558793306350708,1,2020-01-16 12:45:22.784661,
0.878752589225769,1,2020-01-16 12:45:22.842454,
0.9483458995819092,1,2020-01-16 12:45:22.887375,
0.8830007314682007,1,2020-01-16 12:45:22.933216,
0.7896965742111206,1,2020-01-16 12:45:22.979138,
0.7070512771606445,1,2020-01-16 12:45:23.025018,
1.271492838859558,1,2020-01-16 12:45:23.070903,
1.3024564981460571,1,2020-01-16 12:45:23.116775,
1.0229487419128418,1,2020-01-16 12:45:23.163564,
0.9730938673019409,1,2020-01-16 12:45:23.209442,
0.896169900894165,1,2020-01-16 12:45:23.255326,
1.194689154624939,1,2020-01-16 12:45:23.313407,
1.1759507656097412,1,2020-01-16 12:45:23.359266,
1.5885887145996094,1,2020-01-16 12:45:23.406142,
1.1978403329849243,1,2020-01-16 12:45:23.452024,
1.0512884855270386,1,2020-01-16 12:45:23.496900,
1.0083624124526978,1,2020-01-16 12:45:23.543731,
1.0520380735397339,1,2020-01-16 12:45:23.589655,
0.6218457221984863,1,2020-01-16 12:45:23.636483,
1.2850737571716309,1,2020-01-16 12:45:23.683399,
0.7395485639572144,1,2020-01-16 12:45:23.730233,
1.1937605142593384,1,2020-01-16 12:45:23.788080,
0.6498609781265259,1,2020-01-16 12:45:23.834591,
0.9738685488700867,1,2020-01-16 12:45:23.881463,
0.906383752822876,1,2020-01-16 12:45:23.927294,
0.5155931115150452,1,2020-01-16 12:45:23.973217,
1.435829758644104,1,2020-01-16 12:45:24.020099,
0.9466797709465027,1,2020-01-16 12:45:24.065977,
1.2241066694259644,1,2020-01-16 12:45:24.112845,
0.899198055267334,1,2020-01-16 12:45:24.158723,
1.1453866958618164,1,2020-01-16 12:45:24.204601,
1.074484944343567,1,2020-01-16 12:45:24.263444,
1.240016222000122,1,2020-01-16 12:45:24.309319,
1.043229341506958,1,2020-01-16 12:45:24.355199,
0.3905665874481201,1,2020-01-16 12:45:24.401072,
0.9275540709495544,1,2020-01-16 12:45:24.447950,
0.682470977306366,1,2020-01-16 12:45:24.494823,
0.7410815358161926,1,2020-01-16 12:45:24.539699,
1.6249372959136963,1,2020-01-16 12:45:24.586248,
0.7295150756835938,1,2020-01-16 12:45:24.633120,
0.9515882134437561,1,2020-01-16 12:45:24.679000,
0.8355026245117188,1,2020-01-16 12:45:24.737946,
0.6898554563522339,1,2020-01-16 12:45:24.783832,
0.5862960815429688,1,2020-01-16 12:45:24.829705,
0.4111713767051697,1,2020-01-16 12:45:24.876580,
0.7199071645736694,1,2020-01-16 12:45:24.922449,
0.8377234935760498,1,2020-01-16 12:45:24.968332,
0.6477572917938232,1,2020-01-16 12:45:25.014223,
0.7943311929702759,1,2020-01-16 12:45:25.061078,
,1,2020-01-16 12:45:29.288774,0.9950806498527527
0.9720767736434937,2,2020-01-16 12:45:29.306721,
0.9047214984893799,2,2020-01-16 12:45:29.354595,
1.185293436050415,2,2020-01-16 12:45:29.400459,
1.0221171379089355,2,2020-01-16 12:45:29.442362,
1.1378389596939087,2,2020-01-16 12:45:29.489236,
1.2724260091781616,2,2020-01-16 12:45:29.535114,
0.8043667674064636,2,2020-01-16 12:45:29.581994,
0.9279267191886902,2,2020-01-16 12:45:29.628865,
0.8061234354972839,2,2020-01-16 12:45:29.675762,
0.953451931476593,2,2020-01-16 12:45:29.723606,
1.2753310203552246,2,2020-01-16 12:45:29.786399,
0.8910179138183594,2,2020-01-16 12:45:29.834312,
0.7408334612846375,2,2020-01-16 12:45:29.882184,
0.7094692587852478,2,2020-01-16 12:45:29.929017,
1.0577611923217773,2,2020-01-16 12:45:29.975936,
0.93147212266922,2,2020-01-16 12:45:30.022762,
0.9946420192718506,2,2020-01-16 12:45:30.070690,
1.0299170017242432,2,2020-01-16 12:45:30.117555,
0.8663502931594849,2,2020-01-16 12:45:30.165447,
0.8739105463027954,2,2020-01-16 12:45:30.214253,
0.9341803789138794,2,2020-01-16 12:45:30.277132,
0.9099715352058411,2,2020-01-16 12:45:30.326010,
0.9018234014511108,2,2020-01-16 12:45:30.373825,
1.1209328174591064,2,2020-01-16 12:45:30.420752,
1.0814484357833862,2,2020-01-16 12:45:30.466580,
1.0076175928115845,2,2020-01-16 12:45:30.514498,
1.0765053033828735,2,2020-01-16 12:45:30.561371,
1.2225977182388306,2,2020-01-16 12:45:30.616179,
0.9782706499099731,2,2020-01-16 12:45:30.664093,
1.0240478515625,2,2020-01-16 12:45:30.712959,
0.31354010105133057,2,2020-01-16 12:45:30.776794,
0.9086171388626099,2,2020-01-16 12:45:30.823675,
1.5070559978485107,2,2020-01-16 12:45:30.871538,
0.7229710817337036,2,2020-01-16 12:45:30.918428,
0.8874306678771973,2,2020-01-16 12:45:30.965300,
0.9617124795913696,2,2020-01-16 12:45:31.012167,
0.7115515470504761,2,2020-01-16 12:45:31.059044,
1.1609179973602295,2,2020-01-16 12:45:31.106910,
1.4957305192947388,2,2020-01-16 12:45:31.155777,
0.9085332155227661,2,2020-01-16 12:45:31.204647,
0.8613382577896118,2,2020-01-16 12:45:31.267484,
1.56609308719635,2,2020-01-16 12:45:31.315353,
1.5498127937316895,2,2020-01-16 12:45:31.362372,
0.7339779734611511,2,2020-01-16 12:45:31.409250,
0.9895649552345276,2,2020-01-16 12:45:31.455082,
1.0980666875839233,2,2020-01-16 12:45:31.502992,
1.4615635871887207,2,2020-01-16 12:45:31.550823,
0.8744831085205078,2,2020-01-16 12:45:31.599736,
0.7230445146560669,2,2020-01-16 12:45:31.647604,
1.0800803899765015,2,2020-01-16 12:45:31.696477,
0.9038841724395752,2,2020-01-16 12:45:31.759307,
0.8082422614097595,2,2020-01-16 12:45:31.805192,
0.6837325096130371,2,2020-01-16 12:45:31.852062,
1.330040454864502,2,2020-01-16 12:45:31.898933,
1.2015799283981323,2,2020-01-16 12:45:31.944825,
1.0427560806274414,2,2020-01-16 12:45:31.991640,
1.1753826141357422,2,2020-01-16 12:45:32.041511,
0.5233717560768127,2,2020-01-16 12:45:32.091420,
1.3011975288391113,2,2020-01-16 12:45:32.138291,
1.1531697511672974,2,2020-01-16 12:45:32.185170,
1.2099233865737915,2,2020-01-16 12:45:32.246007,
1.1524715423583984,2,2020-01-16 12:45:32.292883,
1.0040024518966675,2,2020-01-16 12:45:32.339758,
1.4083389043807983,2,2020-01-16 12:45:32.386638,
0.9166544675827026,2,2020-01-16 12:45:32.434522,
0.8904736638069153,2,2020-01-16 12:45:32.481630,
0.9791762232780457,2,2020-01-16 12:45:32.528503,
0.7151755690574646,2,2020-01-16 12:45:32.575379,
0.8348617553710938,2,2020-01-16 12:45:32.623248,
0.5448961853981018,2,2020-01-16 12:45:32.670123,
0.8507459759712219,2,2020-01-16 12:45:32.728922,
1.0068806409835815,2,2020-01-16 12:45:32.775842,
0.8602834343910217,2,2020-01-16 12:45:32.822754,
1.4286476373672485,2,2020-01-16 12:45:32.869590,
0.8003706932067871,2,2020-01-16 12:45:32.916468,
0.9006418585777283,2,2020-01-16 12:45:32.963337,
0.8123823404312134,2,2020-01-16 12:45:33.010217,
1.12203049659729,2,2020-01-16 12:45:33.057107,
1.037843108177185,2,2020-01-16 12:45:33.103966,
1.3708381652832031,2,2020-01-16 12:45:33.150841,
1.2490016222000122,2,2020-01-16 12:45:33.211673,
0.8568097352981567,2,2020-01-16 12:45:33.258548,
1.2263504266738892,2,2020-01-16 12:45:33.304443,
0.8851697444915771,2,2020-01-16 12:45:33.351311,
0.9932147860527039,2,2020-01-16 12:45:33.399172,
1.4648017883300781,2,2020-01-16 12:45:33.445055,
0.5787017345428467,2,2020-01-16 12:45:33.491881,
0.8398758172988892,2,2020-01-16 12:45:33.538805,
1.057458758354187,2,2020-01-16 12:45:33.585672,
1.466347098350525,2,2020-01-16 12:45:33.632552,
0.9907625317573547,2,2020-01-16 12:45:33.693393,
1.375348448753357,2,2020-01-16 12:45:33.740261,
0.9956886172294617,2,2020-01-16 12:45:33.787139,
0.8253082633018494,2,2020-01-16 12:45:33.834008,
0.9951624870300293,2,2020-01-16 12:45:33.880897,
0.8051968216896057,2,2020-01-16 12:45:33.927760,
0.9996448755264282,2,2020-01-16 12:45:33.974645,
0.6991467475891113,2,2020-01-16 12:45:34.022510,
0.7807413935661316,2,2020-01-16 12:45:34.069382,
1.1974565982818604,2,2020-01-16 12:45:34.116255,
1.3438827991485596,2,2020-01-16 12:45:34.175108,
1.6136448383331299,2,2020-01-16 12:45:34.222974,
1.0401101112365723,2,2020-01-16 12:45:34.270842,
0.6756874322891235,2,2020-01-16 12:45:34.316727,
0.975861132144928,2,2020-01-16 12:45:34.364244,
0.8041698336601257,2,2020-01-16 12:45:34.411124,
0.8657985925674438,2,2020-01-16 12:45:34.457994,
0.9167916178703308,2,2020-01-16 12:45:34.504869,
1.1340997219085693,2,2020-01-16 12:45:34.551746,
0.8911941051483154,2,2020-01-16 12:45:34.598615,
0.7518097162246704,2,2020-01-16 12:45:34.659480,
0.8719366788864136,2,2020-01-16 12:45:34.705330,
1.0241140127182007,2,2020-01-16 12:45:34.752211,
0.8660164475440979,2,2020-01-16 12:45:34.799080,
1.0575997829437256,2,2020-01-16 12:45:34.845954,
0.7568440437316895,2,2020-01-16 12:45:34.892830,
1.3860372304916382,2,2020-01-16 12:45:34.939707,
1.00907564163208,2,2020-01-16 12:45:34.986579,
0.9337796568870544,2,2020-01-16 12:45:35.033456,
1.132106065750122,2,2020-01-16 12:45:35.080329,
1.0386378765106201,2,2020-01-16 12:45:35.140166,
0.8890137076377869,2,2020-01-16 12:45:35.187049,
0.8198609948158264,2,2020-01-16 12:45:35.233921,
1.1566728353500366,2,2020-01-16 12:45:35.281792,
0.8310800194740295,2,2020-01-16 12:45:35.328673,
0.9905540943145752,2,2020-01-16 12:45:35.375551,
0.7400417327880859,2,2020-01-16 12:45:35.425407,
1.0570093393325806,2,2020-01-16 12:45:35.483245,
1.0231894254684448,2,2020-01-16 12:45:35.535114,
1.3337351083755493,2,2020-01-16 12:45:35.585982,
0.9690758585929871,2,2020-01-16 12:45:35.648016,
1.03679358959198,2,2020-01-16 12:45:35.694878,
1.0033677816390991,2,2020-01-16 12:45:35.741756,
0.6483347415924072,2,2020-01-16 12:45:35.788635,
0.9300249218940735,2,2020-01-16 12:45:35.835509,
1.5585819482803345,2,2020-01-16 12:45:35.884374,
1.0135999917984009,2,2020-01-16 12:45:35.934255,
0.7468302249908447,2,2020-01-16 12:45:36.002016,
0.8329718708992004,2,2020-01-16 12:45:36.058906,
0.8017492294311523,2,2020-01-16 12:45:36.105780,
0.872927725315094,2,2020-01-16 12:45:36.165618,
0.9692115783691406,2,2020-01-16 12:45:36.212496,
0.8270257711410522,2,2020-01-16 12:45:36.259709,
0.8806917071342468,2,2020-01-16 12:45:36.307533,
0.6116728782653809,2,2020-01-16 12:45:36.357447,
1.1685703992843628,2,2020-01-16 12:45:36.406271,
1.2035274505615234,2,2020-01-16 12:45:36.460168,
1.0404994487762451,2,2020-01-16 12:45:36.514046,
1.1839159727096558,2,2020-01-16 12:45:36.562894,
0.8063572645187378,2,2020-01-16 12:45:36.610772,
1.274195671081543,2,2020-01-16 12:45:36.671607,
1.0590146780014038,2,2020-01-16 12:45:36.719477,
1.5396652221679688,2,2020-01-16 12:45:36.768300,
1.1270191669464111,2,2020-01-16 12:45:36.818208,
1.1006085872650146,2,2020-01-16 12:45:36.868078,
0.9294615983963013,2,2020-01-16 12:45:36.934904,
1.0961276292800903,2,2020-01-16 12:45:36.982779,
0.6631194353103638,2,2020-01-16 12:45:37.029648,
1.0956121683120728,2,2020-01-16 12:45:37.076479,
0.7323972582817078,2,2020-01-16 12:45:37.125387,
1.191688895225525,2,2020-01-16 12:45:37.192213,
0.7532705068588257,2,2020-01-16 12:45:37.241080,
0.9639558792114258,2,2020-01-16 12:45:37.290903,
0.7579611539840698,2,2020-01-16 12:45:37.338819,
0.5468050837516785,2,2020-01-16 12:45:37.388986,
1.5223499536514282,2,2020-01-16 12:45:37.435852,
0.8771156072616577,2,2020-01-16 12:45:37.482733,
1.238564133644104,2,2020-01-16 12:45:37.530597,
0.8441035151481628,2,2020-01-16 12:45:37.581460,
1.2266937494277954,2,2020-01-16 12:45:37.631337,
1.1181552410125732,2,2020-01-16 12:45:37.694117,
0.858067512512207,2,2020-01-16 12:45:37.741038,
0.9650856256484985,2,2020-01-16 12:45:37.787910,
0.34639015793800354,2,2020-01-16 12:45:37.835780,
0.8945114612579346,2,2020-01-16 12:45:37.883656,
0.6835840344429016,2,2020-01-16 12:45:37.930532,
0.7395651340484619,2,2020-01-16 12:45:37.978401,
1.6249005794525146,2,2020-01-16 12:45:38.026285,
0.7956819534301758,2,2020-01-16 12:45:38.074146,
0.7947003245353699,2,2020-01-16 12:45:38.167132,
0.7997894287109375,2,2020-01-16 12:45:38.228960,
0.6641817092895508,2,2020-01-16 12:45:38.275851,
0.6055437326431274,2,2020-01-16 12:45:38.323720,
0.5458347797393799,2,2020-01-16 12:45:38.371576,
0.7204857468605042,2,2020-01-16 12:45:38.419453,
0.9325193762779236,2,2020-01-16 12:45:38.466327,
0.6506515741348267,2,2020-01-16 12:45:38.513268,
0.8595337867736816,2,2020-01-16 12:45:38.560154,
,2,2020-01-16 12:45:42.759912,1.0634000301361084
1.2075059413909912,3,2020-01-16 12:45:42.777867,
0.835052490234375,3,2020-01-16 12:45:42.824740,
1.084157109260559,3,2020-01-16 12:45:42.871617,
0.9744165539741516,3,2020-01-16 12:45:42.920483,
1.1247681379318237,3,2020-01-16 12:45:42.967356,
1.2304171323776245,3,2020-01-16 12:45:43.014228,
0.8208576440811157,3,2020-01-16 12:45:43.062126,
0.9286267757415771,3,2020-01-16 12:45:43.109932,
0.7965726852416992,3,2020-01-16 12:45:43.157852,
0.9595669507980347,3,2020-01-16 12:45:43.205675,
1.1358298063278198,3,2020-01-16 12:45:43.266559,
0.8694334626197815,3,2020-01-16 12:45:43.314430,
0.7232956290245056,3,2020-01-16 12:45:43.362307,
0.6646939516067505,3,2020-01-16 12:45:43.408163,
0.9640865921974182,3,2020-01-16 12:45:43.455053,
0.8500014543533325,3,2020-01-16 12:45:43.501930,
1.0216037034988403,3,2020-01-16 12:45:43.549801,
1.0795754194259644,3,2020-01-16 12:45:43.597673,
0.9488343596458435,3,2020-01-16 12:45:43.644543,
1.1036525964736938,3,2020-01-16 12:45:43.692417,
0.9449515342712402,3,2020-01-16 12:45:43.755248,
0.9849420785903931,3,2020-01-16 12:45:43.802121,
0.9388241767883301,3,2020-01-16 12:45:43.849952,
0.9410548210144043,3,2020-01-16 12:45:43.896870,
1.1013635396957397,3,2020-01-16 12:45:43.944742,
1.0056164264678955,3,2020-01-16 12:45:43.992611,
1.10270094871521,3,2020-01-16 12:45:44.039510,
1.126074194908142,3,2020-01-16 12:45:44.086361,
0.8712188005447388,3,2020-01-16 12:45:44.134240,
0.937510073184967,3,2020-01-16 12:45:44.182109,
0.2918824255466461,3,2020-01-16 12:45:44.241964,
0.9121513366699219,3,2020-01-16 12:45:44.288778,
1.6115015745162964,3,2020-01-16 12:45:44.336695,
0.7226207256317139,3,2020-01-16 12:45:44.383574,
0.8285622000694275,3,2020-01-16 12:45:44.431444,
0.829899787902832,3,2020-01-16 12:45:44.478315,
0.6561947464942932,3,2020-01-16 12:45:44.526194,
1.2288923263549805,3,2020-01-16 12:45:44.574061,
1.5126148462295532,3,2020-01-16 12:45:44.620934,
0.869412899017334,3,2020-01-16 12:45:44.668762,
0.7155100107192993,3,2020-01-16 12:45:44.728601,
1.9028023481369019,3,2020-01-16 12:45:44.776474,
1.810218334197998,3,2020-01-16 12:45:44.824391,
0.6919764876365662,3,2020-01-16 12:45:44.872268,
0.8959217071533203,3,2020-01-16 12:45:44.919138,
1.0797736644744873,3,2020-01-16 12:45:44.967012,
1.6574318408966064,3,2020-01-16 12:45:45.014881,
0.8942225575447083,3,2020-01-16 12:45:45.062708,
0.7322332859039307,3,2020-01-16 12:45:45.108601,
1.086761474609375,3,2020-01-16 12:45:45.156504,
0.8269098401069641,3,2020-01-16 12:45:45.218337,
0.6900578141212463,3,2020-01-16 12:45:45.266220,
0.6881676912307739,3,2020-01-16 12:45:45.312095,
1.067761778831482,3,2020-01-16 12:45:45.358964,
1.0014727115631104,3,2020-01-16 12:45:45.407830,
0.864301860332489,3,2020-01-16 12:45:45.455712,
1.1605005264282227,3,2020-01-16 12:45:45.503580,
0.5526868104934692,3,2020-01-16 12:45:45.550426,
1.3248538970947266,3,2020-01-16 12:45:45.598415,
1.1525087356567383,3,2020-01-16 12:45:45.646303,
1.240335464477539,3,2020-01-16 12:45:45.709152,
1.1482458114624023,3,2020-01-16 12:45:45.758059,
1.0562963485717773,3,2020-01-16 12:45:45.806930,
1.2885513305664062,3,2020-01-16 12:45:45.854806,
0.8499851226806641,3,2020-01-16 12:45:45.902875,
0.7918737530708313,3,2020-01-16 12:45:45.949734,
1.023037314414978,3,2020-01-16 12:45:45.997608,
0.7767553925514221,3,2020-01-16 12:45:46.046483,
0.8521013855934143,3,2020-01-16 12:45:46.093346,
0.4939820170402527,3,2020-01-16 12:45:46.141221,
0.7929590344429016,3,2020-01-16 12:45:46.203055,
1.1442453861236572,3,2020-01-16 12:45:46.250930,
0.791790246963501,3,2020-01-16 12:45:46.298800,
1.3148597478866577,3,2020-01-16 12:45:46.346810,
0.8332676887512207,3,2020-01-16 12:45:46.392688,
0.8964666128158569,3,2020-01-16 12:45:46.440572,
0.7941458225250244,3,2020-01-16 12:45:46.489431,
1.0860003232955933,3,2020-01-16 12:45:46.537440,
0.9699423313140869,3,2020-01-16 12:45:46.584314,
1.383879542350769,3,2020-01-16 12:45:46.632186,
1.2927110195159912,3,2020-01-16 12:45:46.694212,
0.9287322759628296,3,2020-01-16 12:45:46.741081,
1.2284303903579712,3,2020-01-16 12:45:46.788959,
0.8669459819793701,3,2020-01-16 12:45:46.836830,
0.8306066393852234,3,2020-01-16 12:45:46.884700,
1.2395857572555542,3,2020-01-16 12:45:46.932570,
0.5760012865066528,3,2020-01-16 12:45:46.980445,
0.8946062326431274,3,2020-01-16 12:45:47.028315,
0.9551243782043457,3,2020-01-16 12:45:47.076200,
1.5056737661361694,3,2020-01-16 12:45:47.125065,
1.0139029026031494,3,2020-01-16 12:45:47.186890,
1.367993712425232,3,2020-01-16 12:45:47.233766,
0.9071056842803955,3,2020-01-16 12:45:47.281639,
0.8139945268630981,3,2020-01-16 12:45:47.330508,
1.0020188093185425,3,2020-01-16 12:45:47.378386,
0.8669983148574829,3,2020-01-16 12:45:47.427245,
1.0614821910858154,3,2020-01-16 12:45:47.476125,
0.7560824155807495,3,2020-01-16 12:45:47.523989,
0.7501744627952576,3,2020-01-16 12:45:47.571818,
1.1473685503005981,3,2020-01-16 12:45:47.619751,
1.337918996810913,3,2020-01-16 12:45:47.682563,
1.436950445175171,3,2020-01-16 12:45:47.729455,
1.457232117652893,3,2020-01-16 12:45:47.777309,
0.6582489013671875,3,2020-01-16 12:45:47.825200,
0.8467950224876404,3,2020-01-16 12:45:47.873053,
0.7821064591407776,3,2020-01-16 12:45:47.921940,
0.8656674027442932,3,2020-01-16 12:45:47.969753,
0.85124272108078,3,2020-01-16 12:45:48.017670,
1.358222484588623,3,2020-01-16 12:45:48.065538,
0.9638791084289551,3,2020-01-16 12:45:48.113412,
1.0243045091629028,3,2020-01-16 12:45:48.176249,
0.8675515055656433,3,2020-01-16 12:45:48.224118,
1.0257643461227417,3,2020-01-16 12:45:48.271992,
0.9200195074081421,3,2020-01-16 12:45:48.320814,
1.094100832939148,3,2020-01-16 12:45:48.369726,
0.9209353923797607,3,2020-01-16 12:45:48.417601,
1.298684000968933,3,2020-01-16 12:45:48.465473,
1.055135726928711,3,2020-01-16 12:45:48.513346,
1.1011735200881958,3,2020-01-16 12:45:48.562213,
1.1757187843322754,3,2020-01-16 12:45:48.610087,
0.9735547304153442,3,2020-01-16 12:45:48.671924,
0.8846622109413147,3,2020-01-16 12:45:48.719794,
0.8066700100898743,3,2020-01-16 12:45:48.768662,
1.141943335533142,3,2020-01-16 12:45:48.816489,
1.0057990550994873,3,2020-01-16 12:45:48.864417,
0.9079378843307495,3,2020-01-16 12:45:48.912273,
0.8679258823394775,3,2020-01-16 12:45:48.961148,
1.0340925455093384,3,2020-01-16 12:45:49.009023,
0.9975203275680542,3,2020-01-16 12:45:49.056893,
1.2634973526000977,3,2020-01-16 12:45:49.104759,
0.9417779445648193,3,2020-01-16 12:45:49.167593,
1.0601999759674072,3,2020-01-16 12:45:49.214696,
0.961104691028595,3,2020-01-16 12:45:49.262568,
0.5771783590316772,3,2020-01-16 12:45:49.311824,
0.8952150344848633,3,2020-01-16 12:45:49.360677,
1.525102138519287,3,2020-01-16 12:45:49.408557,
1.0016627311706543,3,2020-01-16 12:45:49.456619,
0.7026126980781555,3,2020-01-16 12:45:49.504532,
0.8492283225059509,3,2020-01-16 12:45:49.553360,
0.7092821598052979,3,2020-01-16 12:45:49.602228,
0.9221294522285461,3,2020-01-16 12:45:49.705993,
0.9183038473129272,3,2020-01-16 12:45:49.762857,
0.8987796306610107,3,2020-01-16 12:45:49.827627,
0.7474047541618347,3,2020-01-16 12:45:49.876496,
0.6620935201644897,3,2020-01-16 12:45:49.924367,
1.2127140760421753,3,2020-01-16 12:45:49.974241,
1.1566420793533325,3,2020-01-16 12:45:50.022105,
1.0757379531860352,3,2020-01-16 12:45:50.070985,
1.0783346891403198,3,2020-01-16 12:45:50.118848,
0.9341615438461304,3,2020-01-16 12:45:50.167716,
1.2413967847824097,3,2020-01-16 12:45:50.230547,
0.9182778596878052,3,2020-01-16 12:45:50.279418,
1.4489152431488037,3,2020-01-16 12:45:50.327290,
1.1487239599227905,3,2020-01-16 12:45:50.375167,
1.0236268043518066,3,2020-01-16 12:45:50.424030,
0.8865332007408142,3,2020-01-16 12:45:50.471902,
1.1427178382873535,3,2020-01-16 12:45:50.519774,
0.6211004853248596,3,2020-01-16 12:45:50.568643,
1.223807454109192,3,2020-01-16 12:45:50.617513,
0.7211699485778809,3,2020-01-16 12:45:50.666384,
1.1532047986984253,3,2020-01-16 12:45:50.728356,
0.7090610861778259,3,2020-01-16 12:45:50.776235,
0.8883336782455444,3,2020-01-16 12:45:50.825097,
0.7315525412559509,3,2020-01-16 12:45:50.872968,
0.5476163625717163,3,2020-01-16 12:45:50.921841,
1.4342103004455566,3,2020-01-16 12:45:50.969666,
0.9066582322120667,3,2020-01-16 12:45:51.018576,
1.2736921310424805,3,2020-01-16 12:45:51.066464,
0.9093717336654663,3,2020-01-16 12:45:51.114325,
1.159607172012329,3,2020-01-16 12:45:51.165198,
1.145506739616394,3,2020-01-16 12:45:51.227070,
0.8211879134178162,3,2020-01-16 12:45:51.274850,
0.940040647983551,3,2020-01-16 12:45:51.322771,
0.3238678276538849,3,2020-01-16 12:45:51.371592,
0.9037294983863831,3,2020-01-16 12:45:51.420512,
0.6842334270477295,3,2020-01-16 12:45:51.468393,
0.8116772770881653,3,2020-01-16 12:45:51.517244,
1.2340776920318604,3,2020-01-16 12:45:51.565129,
0.7240447402000427,3,2020-01-16 12:45:51.614006,
0.8164066672325134,3,2020-01-16 12:45:51.662859,
0.775713324546814,3,2020-01-16 12:45:51.725688,
0.6234947443008423,3,2020-01-16 12:45:51.773560,
0.5763785243034363,3,2020-01-16 12:45:51.822426,
0.38169124722480774,3,2020-01-16 12:45:51.871301,
0.7301034331321716,3,2020-01-16 12:45:51.919168,
0.9161928296089172,3,2020-01-16 12:45:51.967061,
0.6635661125183105,3,2020-01-16 12:45:52.015866,
0.8514413237571716,3,2020-01-16 12:45:52.064737,
,3,2020-01-16 12:45:56.206699,0.9991535544395447
